
INSERT INTO matches (matchId, kickoff) VALUES
  (1, '2022-11-14 15:00:00'),
  (2, '2022-11-15 12:00:00'),
  (3, '2022-11-15 15:00:00'),
  (4, '2022-11-15 18:00:00'),
  (5, '2022-11-16 10:00:00'),
  (6, '2022-11-16 13:00:00'),
  (7, '2022-11-16 16:00:00'),
  (8, '2022-11-16 19:00:00'),
  (9, '2022-11-17 12:00:00'),
  (10, '2022-11-17 15:00:00'),
  (11, '2022-11-17 18:00:00'),
  (12, '2022-11-18 12:00:00'),
  (13, '2022-11-18 15:00:00'),
  (14, '2022-11-18 18:00:00'),
  (15, '2022-11-19 12:00:00'),
  (16, '2022-11-19 15:00:00'),
  (17, '2022-11-19 18:00:00'),
  (18, '2022-11-20 12:00:00'),
  (19, '2022-11-20 15:00:00'),
  (20, '2022-11-20 18:00:00'),
  (21, '2022-11-21 12:00:00'),
  (22, '2022-11-21 15:00:00'),
  (23, '2022-11-21 18:00:00'),
  (24, '2022-11-22 12:00:00'),
  (25, '2022-11-22 15:00:00'),
  (26, '2022-11-22 18:00:00'),
  (27, '2022-11-23 12:00:00'),
  (28, '2022-11-23 15:00:00'),
  (29, '2022-11-23 18:00:00'),
  (30, '2022-11-24 12:00:00'),
  (31, '2022-11-24 15:00:00'),
  (32, '2022-11-24 18:00:00'),
  (33, '2022-11-25 14:00:00'),
  (34, '2022-11-25 14:00:00'),
  (35, '2022-11-25 18:00:00'),
  (36, '2022-11-25 18:00:00'),
  (37, '2022-11-26 14:00:00'),
  (38, '2022-11-26 14:00:00'),
  (39, '2022-11-26 18:00:00'),
  (40, '2022-11-26 18:00:00'),
  (41, '2022-11-27 14:00:00'),
  (42, '2022-11-27 14:00:00'),
  (43, '2022-11-27 18:00:00'),
  (44, '2022-11-27 18:00:00'),
  (45, '2022-11-28 14:00:00'),
  (46, '2022-11-28 14:00:00'),
  (47, '2022-11-28 18:00:00'),
  (48, '2022-11-28 18:00:00'),
  (49, '2022-11-30 14:00:00'),
  (50, '2022-11-30 18:00:00'),
  (51, '2022-12-01 14:00:00'),
  (52, '2022-12-01 18:00:00'),
  (53, '2022-12-02 14:00:00'),
  (54, '2022-12-02 18:00:00'),
  (55, '2022-12-03 14:00:00'),
  (56, '2022-12-03 18:00:00'),
  (57, '2022-12-06 14:00:00'),
  (58, '2022-12-06 18:00:00'),
  (59, '2022-12-07 14:00:00'),
  (60, '2022-12-07 18:00:00'),
  (61, '2022-12-10 18:00:00'),
  (62, '2022-12-11 18:00:00'),
  (63, '2022-12-14 14:00:00'),
  (64, '2022-12-15 15:00:00');


CREATE TABLE team (
  id              SERIAL PRIMARY KEY,
  name            varchar(20) UNIQUE,
  code            varchar(20) UNIQUE,
  fifaRanking     INT,
  appearances     INT,
  titles          INT,
  confederation   varchar(20) NOT NULL,
  groupId         varchar(20) NOT NULL
) ENGINE = InnoDB;

INSERT INTO team (id, name, code, appearances, titles, fifaRanking, confederation, groupId) VALUES
  -- Africa
  (1, 'GHANA', 'gha', 4, 0, 60, 'AFRICA', 'H'),
  (2, 'SENEGAL', 'sen', 3 , 0, 20, 'AFRICA', 'A'),
  (3, 'TUNISIA', 'tun', 6 , 0, 35, 'AFRICA', 'D'),
  (4, 'MOROCCO', 'mor', 6 , 0, 24, 'AFRICA','F'),
  (5, 'CAMEROON', 'cam', 8, 0, 37, 'AFRICA', 'G'),
  -- Asia
  (6, 'QATAR', 'qat', 1, 0, 50, 'ASIA', 'A'),
  (7, 'IR IRAN', 'irn', 6 , 0, 21, 'ASIA','B'),
  (8, 'KOREA REPUBLIC', 'kor', 11 , 0, 29, 'ASIA', 'H'),
  (9, 'JAPAN', 'jpn', 7 , 0, 23, 'ASIA', 'E'),
  (10, 'SAUDI ARABIA', 'ksa', 6 , 0, 49, 'ASIA', 'C'),
  (11, 'AUSTRALIA', 'aus', 6, 0, 42, 'AISA', 'D'),
  -- Europe
  (12, 'GERMANY', 'ger', 20 , 4, 12, 'EUROPE', 'E'),
  (13, 'DENMARK', 'den', 6, 0, 11, 'EUROPE', 'D'),
  (14, 'FRANCE', 'fra', 16 , 2, 3, 'EUROPE', 'D'),
  (15, 'BELGIUM', 'bel', 14 , 0, 2, 'EUROPE', 'F'),
  (16, 'CROATIA', 'cro', 6 , 0, 16, 'EUROPE', 'F'),
  (17, 'SPAIN', 'esp', 16 , 1, 7, 'EUROPE','E'),
  (18, 'SERBIA', 'srb', 4 , 0, 25, 'EUROPE', 'G'),
  (19, 'ENGLAND', 'enl', 16, 1, 5, 'EUROPE', 'B'),
  (20, 'SWITZERLAND', 'sui', 12 , 0, 14, 'EUROPE', 'G'),
  (21, 'NETHERLANDS', 'net', 11, 0, 10, 'EUROPE', 'A'),
  (22, 'PORTUGAL', 'por', 8 , 0, 8, 'EUROPE','H'),
  (23, 'POLAND', 'pol', 9 , 0, 26, 'EUROPE', 'C'),
  (24, 'WALES', 'wal', 2, 0, 18, 'EUROPE', 'B'),
  -- North, Central America and Caribbean
  (25, 'CANADA', 'can', 2, 0, 38, 'NORTH_CENTRAL_AMERICA_AND_CARIBBEAN', 'F'),
  (26, 'USA', 'usa', 11, 0, 15, 'NORTH_CENTRAL_AMERICA_AND_CARIBBEAN', 'B'),
  (27, 'MEXICO', 'mex', 17 , 0, 9, 'NORTH_CENTRAL_AMERICA_AND_CARIBBEAN', 'C'),
  (28, 'COSTA RICA', 'crc', 6 , 0, 31, 'NORTH_CENTRAL_AMERICA_AND_CARIBBEAN', 'E'),
  -- South America
  (29, 'BRAZIL', 'bra', 22 , 5, 1, 'SOUTH_AMERICA', 'G'),
  (30, 'ARGENTINA', 'arg', 18 , 2, 4, 'SOUTH_AMERICA', 'C'),
  (31, 'ECUADOR', 'ecu', 4, 0, 46, 'SOUTH_AMERICA', 'A'),
  (32, 'URUGUAY', 'uru', 14 , 2, 13, 'SOUTH_AMERICA', 'H');


INSERT INTO group_match (matchId, homeTeam, awayTeam, groupId) VALUES
  (1, 6, 31, 'A'),
  (2, 2, 21, 'A'),
  (3, 19, 7, 'B'),
  (4, 26, 24, 'B'),
  (5, 14, 11, 'D'),
  (6, 13, 3, 'D'),
  (7, 27, 23, 'C'),
  (8, 30, 10, 'C'),
  (9, 15, 25, 'F'),
  (10, 17, 28, 'E'),
  (11, 12, 9, 'E'),
  (12, 4, 16, 'F'),
  (13, 20, 5, 'G'),
  (14, 32, 8, 'H'),
  (15, 22, 1, 'H'),
  (16, 29, 18, 'G'),
  (17, 24, 7, 'B'),
  (18, 6, 2, 'A'),
  (19, 21, 31, 'A'),
  (20, 19, 26, 'B'),
  (21, 3, 11, 'D'),
  (22, 23, 10, 'C'),
  (23, 14, 13, 'D'),
  (24, 30, 27, 'C'),
  (25, 9, 28, 'E'),
  (26, 15, 4, 'F'),
  (27, 16, 25, 'F'),
  (28, 17, 12, 'E'),
  (29, 5, 18, 'G'),
  (30, 8, 1, 'H'),
  (31, 29, 20, 'G'),
  (32, 23, 32, 'H'),
  (33, 24, 19, 'B'),
  (34, 7, 26, 'B'),
  (35, 31, 2, 'A'),
  (36, 21, 6, 'A'),
  (37, 11, 13, 'D'),
  (38, 3, 14, 'D'),
  (39, 23, 30, 'C'),
  (40, 10, 27, 'C'),
  (41, 16, 15, 'F'),
  (42, 25, 4, 'F'),
  (43, 9, 17, 'E'),
  (44, 28, 12, 'E'),
  (45, 1, 32, 'H'),
  (46, 8, 22, 'H'),
  (47, 18, 20, 'G'),
  (48, 5, 29, 'G');


INSERT INTO group_match (matchId, homeTeam, awayTeam, groupId) VALUES
  (1, 20, 10, 'A'),
  (2, 1, 32, 'A'),
  (3, 2, 7, 'B'),
  (4, 19, 22, 'B'),
  (5, 15, 6, 'C'),
  (6, 28, 17, 'D'),
  (7, 31, 13, 'C'),
  (8, 12, 3, 'D'),
  (9, 25, 21, 'E'),
  (10, 16, 26, 'F'),
  (11, 29, 24, 'E'),
  (12, 23, 9, 'F'),
  (13, 11, 27, 'G'),
  (14, 5, 14, 'G'),
  (15, 30, 8, 'H'),
  (16, 18, 4, 'H'),
  (17, 20, 1, 'A'),
  (18, 19, 2, 'B'),
  (19, 32, 10, 'A'),
  (20, 7, 22, 'B'),
  (21, 13, 6, 'C'),
  (22, 15, 31, 'C'),
  (23, 28, 12, 'D'),
  (24, 29, 25, 'E'),
  (25, 3, 17, 'D'),
  (26, 21, 24, 'E'),
  (27, 11, 5, 'G'),
  (28, 9, 26, 'F'),
  (29, 16, 23, 'F'),
  (30, 14, 27, 'G'),
  (31, 8, 4, 'H'),
  (32, 18, 30, 'H'),
  (33, 32, 20, 'A'),
  (34, 10, 1, 'A'),
  (35, 7, 19, 'B'),
  (36, 22, 2, 'B'),
  (37, 13, 15, 'C'),
  (38, 6, 31, 'C'),
  (39, 3, 28, 'D'),
  (40, 17, 12, 'D'),
  (41, 9, 16, 'F'),
  (42, 26, 23, 'F'),
  (43, 21, 29, 'E'),
  (44, 24, 25, 'E'),
  (45, 8, 18, 'H'),
  (46, 4, 30, 'H'),
  (47, 27, 5, 'G'),
  (48, 14, 11, 'G');

INSERT INTO knockout_match(matchId, matchCode, stageId, homeTeamCode, awayTeamCode) VALUES
  (49, 'ROS1', 'ROUND_OF_16', 'WINNER_GROUP_C', 'RUNNER_UP_GROUP_D'),
  (50, 'ROS2', 'ROUND_OF_16', 'WINNER_GROUP_A', 'RUNNER_UP_GROUP_B' ),
  (51, 'ROS3', 'ROUND_OF_16', 'WINNER_GROUP_B', 'RUNNER_UP_GROUP_A'),
  (52, 'ROS4', 'ROUND_OF_16', 'WINNER_GROUP_D', 'RUNNER_UP_GROUP_C'),
  (53, 'ROS5', 'ROUND_OF_16', 'WINNER_GROUP_E', 'RUNNER_UP_GROUP_F'),
  (54, 'ROS6', 'ROUND_OF_16', 'WINNER_GROUP_G', 'RUNNER_UP_GROUP_H'),
  (55, 'ROS7', 'ROUND_OF_16', 'WINNER_GROUP_F', 'RUNNER_UP_GROUP_E'),
  (56, 'ROS8', 'ROUND_OF_16', 'WINNER_GROUP_H', 'RUNNER_UP_GROUP_G'),
  (57, 'QF1', 'QUARTER_FINAL','WINNER_ROS1','WINNER_ROS2'),
  (58, 'QF2', 'QUARTER_FINAL','WINNER_ROS5','WINNER_ROS6'),
  (59, 'QF3', 'QUARTER_FINAL','WINNER_ROS3','WINNER_ROS4'),
  (60, 'QF4', 'QUARTER_FINAL','WINNER_ROS7','WINNER_ROS8'),
  (61, 'SF1', 'SEMI_FINAL','WINNER_QF1','WINNER_QF2'),
  (62, 'SF2', 'SEMI_FINAL', 'WINNER_QF3','WINNER_QF4'),
  (63, 'TP', 'THIRD_PLACE','LOSER_SF1','LOSER_SF2'),
  (64, 'F', 'FINAL', 'WINNER_SF1','WINNER_SF2');


insert into account (id, password, email, providerId, displayName) values
  (1,'1', '1@gmail.com','googleplus', 'TestItay');
--


INSERT INTO match_result (matchId, homeTeam, awayTeam, homeTeamGoals, awayTeamGoals) VALUES
  (1, 20, 10, 2, 1),
  (2, 1, 32, 1, 1),
  (3, 2, 7, 3, 0),
  (4, 19, 22, 1, 2),
  (5, 15, 6,  1, 3),
  (6, 28, 17,  0, 0),
  (7, 31, 13, 0, 1),
  (8, 12, 3, 1, 2),
  (9, 25, 21, 2, 0),
  (10, 16, 26, 1, 0),
  (11, 29, 24, 3, 2),
  (12, 23, 9, 1, 1),
  (13, 11, 27, 0, 0),
  (14, 5, 14, 0, 2),
  (15, 30, 8, 1, 2),
  (16, 18, 4, 2, 0),
  (17, 20, 1, 2, 2),
  (18, 19, 2, 3, 3),
  (19, 32, 10, 2, 1),
  (20, 7, 22, 3, 0),
  (21, 13, 6, 2, 0),
  (22, 15, 31, 0, 1),
  (23, 28, 12, 1, 2),
  (24, 29, 25, 2, 2),
  (25, 3, 17, 1, 1),
  (26, 21, 24, 0, 1),
  (27, 11, 5, 2, 1),
  (28, 9, 26, 2, 1),
  (29, 16, 23, 0, 0),
  (30, 14, 27, 2, 2),
  (31, 8, 4, 1, 3),
  (32, 18, 30, 0, 3),
  (33, 32, 20, 2, 0),
  (34, 10, 1, 1, 0),
  (35, 7, 19, 2, 1),
  (36, 22, 2,  2, 2),
  (37, 13, 15,  2, 4),
  (38, 6, 31, 1, 4),
  (39, 3, 28, 0, 0),
  (40, 17, 12, 2, 1),
  (41, 9, 16, 1, 0),
  (42, 26, 23, 1, 1),
  (43, 21, 29, 2, 0),
  (44, 24, 25, 1, 3),
  (45, 8, 18, 0, 3),
  (46, 4, 30, 2, 3),
  (47, 27, 5, 3, 3),
  (48, 14, 11, 2, 1);